A2AIG8-1	A2AIG8	502	d0c041058ed534f5f4df0a1037bb6d89	A2AIG8-1_64_482_1m4n.1.A_swissmodel.pdb	0.554	-2.42	homo-dimer
A2AIG8-1	A2AIG8	502	d0c041058ed534f5f4df0a1037bb6d89	A2AIG8-1_37_482_4n0b.2.B_swissmodel.pdb	0.244	-4.66	homo-dimer
A2AIG8-2	A2AIG8-2	479	d359b080bcebf467ce9c8c0e56d6490f	A2AIG8-2_41_459_1m4n.1.A_swissmodel.pdb	0.571	-2.58	homo-dimer
A2AIG8-2	A2AIG8-2	479	d359b080bcebf467ce9c8c0e56d6490f	A2AIG8-2_42_459_4n0b.2.B_swissmodel.pdb	0.244	-4.66	homo-dimer
Q3UX83-1	Q3UX83	580	6effab8756f2fc40a8eeaa68f6705996	Q3UX83-1_157_576_1m4n.1.A_swissmodel.pdb	0.523	-2.60	homo-dimer
Q3UX83-2	Q3UX83-2	528	0151ffc28a31abe318df7e0b86cc82c5	Q3UX83-2_105_524_1m4n.1.A_swissmodel.pdb	0.538	-2.71	homo-dimer
Q3UX83-2	Q3UX83-2	528	0151ffc28a31abe318df7e0b86cc82c5	Q3UX83-2_102_522_6d0a.1.A_swissmodel.pdb	0.457	-4.91	homo-dimer
Q9WVM8	Q9WVM8	425	9c08b3a61ce475d5251b2aacf2094cbe	Q9WVM8_1_425_4gdy.1.B_swissmodel.pdb	0.837	-0.91	homo-dimer
Q7TSV6-1	Q7TSV6	404	545799c2c861e1f08cae9404cd26f3c8	Q7TSV6-1_3_399_2cst.1.A_swissmodel.pdb	0.847	-1.37	homo-dimer
Q7TSV6-2	Q7TSV6-2	264	1963960863e3af8174cdd30816e4202c	Q7TSV6-2_3_264_2cst.1.A_swissmodel.pdb	0.863	-2.12	homo-dimer
P05201	P05201	413	eaf0f3a990238bfb8d47fed592bbc909	P05201_1_413_5tor.1.A_swissmodel.pdb	1.000	0.31	homo-dimer
P05202	P05202	430	47cf61bfe65b18e73c9733bcfa8c6402	P05202_32_430_1ama.1.A_swissmodel.pdb	1.000	-0.02	homo-dimer
P05202	P05202	430	47cf61bfe65b18e73c9733bcfa8c6402	P05202_30_430_3pd6_pdb.pdb	
P05202	P05202	430	47cf61bfe65b18e73c9733bcfa8c6402	P05202_30_430_3pdb_pdb.pdb	
P05202	P05202	430	47cf61bfe65b18e73c9733bcfa8c6402	P05202_30_430_3hlm_pdb.pdb	
Q3UEG6	Q3UEG6	513	fa32cf80fc821131ed1664b1225a4b31	Q3UEG6_63_509_6fyq.1.A_swissmodel.pdb	0.555	-2.86	homo-dimer
Q3UEG6	Q3UEG6	513	fa32cf80fc821131ed1664b1225a4b31	Q3UEG6_52_507_4atp.1.A_swissmodel.pdb	0.341	-4.01	homo-tetramer
Q8QZR5	Q8QZR5	496	33f79217452009c0915a8e534cdb8569	Q8QZR5_20_495_3tcm.1.A_swissmodel.pdb	0.682	-0.07	homo-dimer
Q8BGT5	Q8BGT5	522	03252bcd06e3f31613786c4c7686d9cb	Q8BGT5_49_521_3ihj.1.A_swissmodel.pdb	0.000	0.47	monomer
Q8BWU8	Q8BWU8	499	1e28ca53202969168f2d15cd4d8ac87e	Q8BWU8_9_436_5g4i.1.A_swissmodel.pdb	0.686	-0.23	homo-dimer
Q8R1K4-1	Q8R1K4	467	7f83dcb6c90158341d9042c569f94fba	Q8R1K4-1_10_436_5g4i.1.A_swissmodel.pdb	0.689	-1.31	homo-dimer
Q8R1K4-2	Q8R1K4-2	468	a394fff6d28b2e6f7692a83305d5f821	Q8R1K4-2_26_438_5g4i.1.A_swissmodel.pdb	0.696	-1.83	homo-dimer
Q8R1K4-3	Q8R1K4-3	184	c3ca7ff3da09080eb419f2edaa06d7c9	Q8R1K4-3_10_177_5g4i.1.A_swissmodel.pdb	0.658	-1.77	homo-dimer
Q8QZR1	Q8QZR1	454	6c0f5187113e40bffa0f96b3350a0dfd	Q8QZR1_64_442_3pdx.1.A_swissmodel.pdb	0.865	-0.95	homo-dimer
Q8QZR1	Q8QZR1	454	6c0f5187113e40bffa0f96b3350a0dfd	Q8QZR1_52_442_4ge9.1.A_swissmodel.pdb	0.502	-3.31	homo-dimer
Q8QZR1	Q8QZR1	454	6c0f5187113e40bffa0f96b3350a0dfd	Q8QZR1_64_442_3pdx_pdb.pdb	
O35484	O35484	448	b2f0e91245ff0ea8c046b3ee0368075d	O35484_8_435_3btn.1.A_swissmodel.pdb	0.000	-0.15	monomer
O35484	O35484	448	b2f0e91245ff0ea8c046b3ee0368075d	O35484_11_417_1d7k.1.B_swissmodel.pdb	0.895	-1.46	homo-dimer
O35484	O35484	448	b2f0e91245ff0ea8c046b3ee0368075d	O35484_8_435_3btn_pdb.pdb	
Q8BVM4	Q8BVM4	459	23f4564ef5def956078428c85b25daaf	Q8BVM4_9_424_1d7k.1.B_swissmodel.pdb	0.825	-1.40	homo-dimer
P24288	P24288	386	841c190cf145fa5d301904862fcbe805	P24288_21_385_2abj.1.A_swissmodel.pdb	1.000	0.32	homo-dimer
O35855	O35855	393	4842193b11262a0a17830e58e0727762	O35855_29_393_1ekp.1.A_swissmodel.pdb	1.000	0.60	homo-dimer
Q91WT9-1	Q91WT9	561	fc95af62047bad176623ec68021ab577	Q91WT9-1_39_559_4l28.1.A_swissmodel.pdb	0.884	-0.80	homo-dimer
Q91WT9-1	Q91WT9	561	fc95af62047bad176623ec68021ab577	Q91WT9-1_40_557_4pcu.1.A_swissmodel.pdb	0.678	-1.07	homo-dimer
Q91WT9-1	Q91WT9	561	fc95af62047bad176623ec68021ab577	Q91WT9-1_40_557_4pcu.1.B_swissmodel.pdb	0.678	-1.07	homo-dimer
Q91WT9-2	Q91WT9-2	547	702897639efbdec4415d6599398e9966	Q91WT9-2_39_545_4l28.1.A_swissmodel.pdb			
Q91WT9-2	Q91WT9-2	547	702897639efbdec4415d6599398e9966	Q91WT9-2_40_543_4pcu.1.A_swissmodel.pdb	0.884	-0.80	homo-dimer
Q91WT9-2	Q91WT9-2	547	702897639efbdec4415d6599398e9966	Q91WT9-2_40_543_4pcu.1.B_swissmodel.pdb	0.884	-0.80	homo-dimer
Q8VCN5	Q8VCN5	398	4780ebd219930e749259240bf2b8eb23	Q8VCN5_9_398_5tsu.1.C_swissmodel.pdb	1.000	-0.38	homo-tetramer
Q9DBE0	Q9DBE0	493	3d6ce19d982142b5e6d617336d04a682	Q9DBE0_7_493_2jis.1.A_swissmodel.pdb	0.921	-0.12	homo-dimer
P48318	P48318	593	c4ea13952089d5edb6c189f8a17a7175	P48318_92_593_2okj.1.A_swissmodel.pdb	0.903	-1.01	homo-dimer
P48320	P48320	585	2614c00d16d8cc457cf2b0d391263794	P48320_88_584_2okk.1.A_swissmodel.pdb	0.864	-0.60	homo-dimer
P23738	P23738	662	f4f67e0c4e6ccf20fedff0ac5e7e3e22	P23738_17_484_4e1o.1.A_swissmodel.pdb	0.900	-0.37	homo-dimer
P00860	P00860	461	2707859866a72fb62d754c0de1ace1b8	P00860_7_427_1d7k.1.A_swissmodel.pdb	0.968	-0.67	homo-dimer
P00860	P00860	461	2707859866a72fb62d754c0de1ace1b8	P00860_2_418_7odc_pdb.pdb	
O88533	O88533	480	6161319679544ff758c12e609453e41c	O88533_1_467_1js6.1.A_swissmodel.pdb	0.935	-0.61	homo-dimer
P61922-1	P61922	500	a12d3a06086dc11b2d99268d069692ba	P61922-1_39_499_4zsy.1.A_swissmodel.pdb	0.977	0.03	homo-dimer
P61922-2	P61922-2	444	79ddc65b63c7e4f1c3ea76d1b83d0a13	P61922-2_39_444_4y0h.1.A_swissmodel.pdb	0.977	0.03	homo-dimer
Q80WP8-1	Q80WP8	550	a8daedc8b086424ba6f15932c3977659	Q80WP8-1_59_550_6enz.1.A_swissmodel.pdb	0.939	-0.39	homo-dimer
Q80WP8-1	Q80WP8	550	a8daedc8b086424ba6f15932c3977659	Q80WP8-1_64_549_5hsj.1.A_swissmodel.pdb	0.404	-3.92	homo-dimer
Q80WP8-2	Q80WP8-2	526	16c31db952e37cbb7bdf5b0e11cf7c8b	Q80WP8-2_59_493_6enz.1.A_swissmodel.pdb	0.891	-0.25	homo-dimer
Q80WP8-2	Q80WP8-2	526	16c31db952e37cbb7bdf5b0e11cf7c8b	Q80WP8-2_63_477_5hsj.1.A_swissmodel.pdb	0.398	-4.48	homo-dimer
Q80WP8-2	Q80WP8-2	526	16c31db952e37cbb7bdf5b0e11cf7c8b	Q80WP8-2_68_523_2okj.1.A_swissmodel.pdb	0.767	-1.57	homo-dimer
Q80WP8-1	Q80WP8	550	a8daedc8b086424ba6f15932c3977659	Q80WP8-1_59_550_6enz_pdb.pdb	
Q91W43	Q91W43	1025	7ec9098483dce02b0c3bb91f7cea5cd7	Q91W43_57_1010_6i34.1.A_swissmodel.pdb	0.798	-0.29	homo-dimer
P50431	P50431	478	6d6bfc125d11a24dc37887ac93cc8e1e	P50431_9_478_1rvu.1.A_swissmodel.pdb	0.832	-0.39	homo-tetramer
P50431	P50431	478	6d6bfc125d11a24dc37887ac93cc8e1e	P50431_1_478_1eji_pdb.pdb	
Q9CZN7-1	Q9CZN7	504	0966211197b72e015f64b4ad969cfc6d	Q9CZN7-1_43_503_5x3v.1.A_swissmodel.pdb	0.864	-0.80	homo-dimer
Q9CZN7-2	Q9CZN7-2	501	f7a50846f17e8062e6053a463f96a29b	Q9CZN7-2_40_500_5x3v.1.A_swissmodel.pdb	0.867	-0.79	homo-dimer
P08680	P08680	587	7956226253fb74eb8e006971116bcd34	P08680_143_578_6hrh.1.B_swissmodel.pdb	0.967	0.28	homo-dimer
P08680	P08680	587	7956226253fb74eb8e006971116bcd34	P08680_1_49_1h7d_pdb.pdb	
P08680	P08680	587	7956226253fb74eb8e006971116bcd34	P08680_1_26_1h7j_pdb.pdb	
Q8VC19	Q8VC19	642	53e2a21870e09cf7c5eac4b4f29f4925	Q8VC19_199_634_6hrh.1.B_swissmodel.pdb	0.957	-0.48	homo-dimer
Q8BTY1	Q8BTY1	424	737f73c2b02b63a90e709a70c30d9b26	Q8BTY1_4_421_1w7m.1.A_swissmodel.pdb	1.000	-0.20	homo-dimer
Q71RI9-1	Q71RI9	455	acb9d09c8430354fa251c6d2ed85ecd2	Q71RI9-1_42_451_5veq.1.A_swissmodel.pdb	0.981	-0.44	homo-dimer
Q71RI9-2	Q71RI9-2	420	31150a573a4916f439d7d0412283d88a	Q71RI9-2_7_416_5veq.1.A_swissmodel.pdb	1.000	-0.51	homo-dimer
Q71RI9-1	Q71RI9	455	acb9d09c8430354fa251c6d2ed85ecd2	Q71RI9-1_42_451_5ver_pdb.pdb	
Q71RI9-1	Q71RI9	455	acb9d09c8430354fa251c6d2ed85ecd2	Q71RI9-1_42_451_3e2z_pdb.pdb	
Q71RI9-1	Q71RI9	455	acb9d09c8430354fa251c6d2ed85ecd2	Q71RI9-1_42_451_3e2y_pdb.pdb	
Q71RI9-1	Q71RI9	455	acb9d09c8430354fa251c6d2ed85ecd2	Q71RI9-1_42_451_2zjg_pdb.pdb	
Q71RI9-1	Q71RI9	455	acb9d09c8430354fa251c6d2ed85ecd2	Q71RI9-1_42_451_3e2f_pdb.pdb	
Q71RI9-1	Q71RI9	455	acb9d09c8430354fa251c6d2ed85ecd2	Q71RI9-1_42_451_5vep_pdb.pdb	
Q71RI9-1	Q71RI9	455	acb9d09c8430354fa251c6d2ed85ecd2	Q71RI9-1_42_451_5veq_pdb.pdb	
O88986	O88986	416	6c5a99f4a6d914d8756b5eba1e8d6bcc	O88986_28_415_1fc4.1.A_swissmodel.pdb	1.000	-0.68	homo-dimer
Q9CXF0	Q9CXF0	464	695e2ea7fbbce2cfc715058e41b468a6	Q9CXF0_6_460_3e9k.1.A_swissmodel.pdb	0.970	0.06	homo-dimer
Q14CH1	Q14CH1	862	d707e716fe9e292b2b46400783017856	Q14CH1_35_495_5j8q.1.A_swissmodel.pdb	0.522	-3.16	homo-dimer
Q14CH1	Q14CH1	862	d707e716fe9e292b2b46400783017856	Q14CH1_48_490_3a9y.1.B_swissmodel.pdb	0.339	-4.97	homo-dimer
P58058	P58058	439	90c169f610ed5edcb306f14ab270313b	P58058_69_421_3pfn.1.A_swissmodel.pdb	0.631	-0.20	homo-tetramer
Q9Z1J3	Q9Z1J3	459	4518e7f8728a3c65ee4c0ec8dab67488	Q9Z1J3_58_459_6nzu.1.A_swissmodel.pdb	0.920	-1.89	monomer
P29758	P29758	439	20b0cb746b5253a6a1c67a0d9bcd199b	P29758_38_439_2can.1.A_swissmodel.pdb	0.916	0.54	homo-dimer
Q99K01-1	Q99K01	787	1819d4959ae8b498669b7776b267dccb	Q99K01-1_11_489_6ebn.1.A_swissmodel.pdb	0.354	-4.44	homo-dimer
Q99K01-2	Q99K01-2	788	72cc0957718d312b294e26815f816b28	Q99K01-2_13_490_4rit.1.A_swissmodel.pdb	0.381	-4.81	homo-dimer
Q99K01-3	Q99K01-3	710	707cf20baafaf90ddf25cfcaaf4ce02a	Q99K01-3_17_489_2okj.1.A_swissmodel.pdb	0.354	-4.44	homo-dimer
Q99K01-4	Q99K01-4	793	1484f33d86af2fb71fc1d83a715fe3f0	Q99K01-4_11_489_6eew.1.A_swissmodel.pdb	0.402	-4.90	homo-dimer
Q99K01-5	Q99K01-5	384	6987a7360ffb258dc914e0c34b1442a3	Q99K01-5_11_381_6eew.1.A_swissmodel.pdb	0.636	-4.53	homo-dimer
Q99K01-5	Q99K01-5	384	6987a7360ffb258dc914e0c34b1442a3	Q99K01-5_11_379_5hsj.1.A_swissmodel.pdb	0.517	-4.62	homo-dimer
Q9Z2Y8	Q9Z2Y8	274	f888c7f48f96ac0523bc364d94944afe	Q9Z2Y8_12_248_1b54.1.A_swissmodel.pdb	0.000	-2.59	monomer
Q8CI94	Q8CI94	843	87194571d29b5088d78c049246e510c0	Q8CI94_11_836_2pyd.1.A_swissmodel.pdb	0.907	-0.04	homo-dimer
Q9ET01	Q9ET01	850	6edbaead2b21a65b4f18a72d7ed507ea	Q9ET01_24_839_1xoi.1.A_swissmodel.pdb	0.857	-0.42	homo-dimer
Q9WUB3	Q9WUB3	842	8734d58ce1b28a36b3b432d95a2d441d	Q9WUB3_11_836_2pyd.1.A_swissmodel.pdb	0.855	-0.25	homo-dimer
Q9JLI6-1	Q9JLI6	432	f2ecf0747ef0aed429533bdb9947222f	Q9JLI6-1_18_430_3a9y.1.A_swissmodel.pdb	0.924	0.76	homo-dimer
Q9JLI6-2	Q9JLI6-2	283	13a70e9442b1ce9c166ca991e2bd7643	Q9JLI6-2_17_283_3a9x.1.A_swissmodel.pdb	0.953	0.28	homo-dimer
Q8VBT2	Q8VBT2	327	24b523e08c94e434a17b672eabd5d8ae	Q8VBT2_1_325_1pwh.2.A_swissmodel.pdb	0.000	0.40	monomer
Q8VBT2	Q8VBT2	327	24b523e08c94e434a17b672eabd5d8ae	Q8VBT2_5_317_2o2j.1.B_swissmodel.pdb	0.323	-3.30	homo-dimer
Q8R238	Q8R238	329	bac1a2e2161ff3b3a1d2142ffe25fd4a	Q8R238_12_327_2rkb.1.A_swissmodel.pdb	0.786	0.44	homo-dimer
Q99K85	Q99K85	370	e34351486ae092f83a0b822ee7fadf5b	Q99K85_17_370_3e77.1.A_swissmodel.pdb	0.860	0.95	homo-dimer
Q8R0X7	Q8R0X7	568	6cc1d3ad999b93136292687ce9c6cec9	Q8R0X7_110_553_4q6r.1.A_swissmodel.pdb	0.915	-0.32	homo-dimer
Q6P6M7	Q6P6M7	504	b61ad9f6bddaee51f7e1b12ebe928da3	Q6P6M7_23_467_3bcb.1.A_swissmodel.pdb	0.637	-0.28	homo-tetramer
Q6P6M7	Q6P6M7	504	b61ad9f6bddaee51f7e1b12ebe928da3	Q6P6M7_23_467_3bc8_pdb.pdb	
Q6P6M7	Q6P6M7	504	b61ad9f6bddaee51f7e1b12ebe928da3	Q6P6M7_23_466_3bca_pdb.pdb	
Q6P6M7	Q6P6M7	504	b61ad9f6bddaee51f7e1b12ebe928da3	Q6P6M7_23_467_3bcb_pdb.pdb	
O35704	O35704	473	1dcce072d8fdde605183820f22224112	O35704_82_471_2jg2.1.A_swissmodel.pdb	0.631	-2.06	homo-dimer
P97363	P97363	560	294146b5250d49d0f0f3917091c4082f	P97363_115_554_5txr.1.A_swissmodel.pdb	0.540	-2.32	homo-dimer
Q8BG54	Q8BG54	563	46073d54615734c916f59c835fb09fd6	Q8BG54_108_530_6hrh.1.B_swissmodel.pdb	0.581	-2.60	homo-dimer
O35423-1	O35423	414	d705fced0a91a9853366870efab33674	O35423-1_23_412_3kgw.1.A_swissmodel.pdb	0.773	0.88	homo-dimer
O35423-1	O35423	414	d705fced0a91a9853366870efab33674	O35423-1_45_151_1vid.1.A_swissmodel.pdb	0.000	-3.08	monomer
O35423-2	O35423-2	392	6339de9a21d3a0ffd96f6e4b69bd0adb	O35423-2_1_390_3kgw.1.A_swissmodel.pdb	0.773	0.88	homo-dimer
O35423-1	O35423	414	d705fced0a91a9853366870efab33674	O35423-1_27_412_3kgw_pdb.pdb	
O35423-1	O35423	414	d705fced0a91a9853366870efab33674	O35423-1_27_412_3kgx_pdb.pdb	
Q9QZX7-1	Q9QZX7	339	1bd8850dcccf345953d22074886922b3	Q9QZX7-1_3_324_3hmk.1.B_swissmodel.pdb			
Q9QZX7-2	Q9QZX7-2	314	7a0086241d9fb97a994bae4327fce24a	Q9QZX7-2_3_299_3hmk.1.B_swissmodel.pdb			
Q9QZX7-3	Q9QZX7-3	182	fd33165ed56e087cf1b2d09f78502b4e	Q9QZX7-3_3_180_3hmk.1.A_swissmodel.pdb	0.805	-1.12	homo-dimer
Q8BH55	Q8BH55	747	21a8c096224826b5f855a176aa7a0c98	Q8BH55_226_741_1kl7.1.A_swissmodel.pdb	0.000	-4.69	monomer
Q80W22	Q80W22	483	b3671a56a71b7ca57e8ed8900ba0de2f	Q80W22_1_469_1kl7.1.A_swissmodel.pdb	0.000	-3.24	monomer
